tick,bid,bid_size,ask,ask_size,sw_action,sw_price,sw_size,rtl_action,rtl_price,rtl_size,match
0,149.97,225,150.02,296,,,,,,,1
1,149.94,145,150.0,110,,,,,,,1
2,149.94,200,150.0,246,,,,,,,1
3,149.94,104,149.99,1686,SELL,1499400,250,SELL,1499400,250,1
4,149.94,2277,150.0,276,BUY,1500000,250,BUY,1500000,250,1
5,149.94,231,149.99,106,BUY,1499900,100,BUY,1499900,100,1
6,149.91,85,149.97,86,,,,,,,1
7,149.89,177,149.94,255,,,,,,,1
8,149.89,265,149.94,87,BUY,1499400,200,BUY,1499400,200,1
9,149.89,206,149.94,221,,,,,,,1
10,149.88,253,149.94,136,BUY,1499400,100,BUY,1499400,100,1
11,149.88,85,149.94,186,SELL,1498800,100,SELL,1498800,100,1
12,149.89,244,149.94,105,BUY,1499400,100,BUY,1499400,100,1
13,149.91,2277,149.97,155,BUY,1499700,250,BUY,1499700,250,1
14,149.94,208,149.99,188,,,,,,,1
15,149.96,128,150.01,157,,,,,,,1
16,149.96,296,150.01,209,,,,,,,1
17,149.94,202,149.99,142,,,,,,,1
18,149.94,186,149.99,250,,,,,,,1
19,149.94,259,150.0,278,,,,,,,1
20,149.94,102,150.0,192,SELL,1499400,100,SELL,1499400,100,1
21,149.92,279,149.97,121,BUY,1499700,100,BUY,1499700,100,1
22,149.92,174,149.97,205,,,,,,,1
23,149.92,91,149.97,158,SELL,1499200,100,SELL,1499200,100,1
24,149.93,231,149.98,228,,,,,,,1
25,149.92,123,149.97,208,SELL,1499200,100,SELL,1499200,100,1
26,149.9,277,149.95,131,BUY,1499500,100,BUY,1499500,100,1
27,149.91,139,149.96,183,,,,,,,1
28,149.92,170,149.97,197,,,,,,,1
29,149.94,220,149.99,235,,,,,,,1
30,149.92,178,149.97,280,SELL,1499200,100,SELL,1499200,100,1
31,149.94,211,149.99,1220,SELL,1499400,250,SELL,1499400,250,1
32,149.94,94,149.99,203,SELL,1499400,100,SELL,1499400,100,1
33,149.95,221,150.0,131,BUY,1500000,100,BUY,1500000,100,1
34,149.95,204,150.0,288,,,,,,,1
35,149.95,80,150.0,217,SELL,1499500,100,SELL,1499500,100,1
36,149.96,164,150.01,197,,,,,,,1
37,149.95,242,150.0,125,BUY,1500000,100,BUY,1500000,100,1
38,149.94,300,149.99,103,BUY,1499900,100,BUY,1499900,100,1
39,149.94,88,149.99,295,SELL,1499400,200,SELL,1499400,200,1
40,149.92,101,149.97,84,,,,,,,1
41,149.92,143,149.97,1505,SELL,1499200,250,SELL,1499200,250,1
42,149.92,97,149.97,1144,SELL,1499200,250,SELL,1499200,250,1
43,149.94,149,149.99,245,SELL,1499400,100,SELL,1499400,100,1
44,149.94,259,149.99,162,BUY,1499900,100,BUY,1499900,100,1
45,149.92,86,149.97,159,SELL,1499200,100,SELL,1499200,100,1
46,149.92,283,149.97,128,BUY,1499700,100,BUY,1499700,100,1
47,149.92,266,149.97,210,,,,,,,1
48,149.93,190,149.98,289,SELL,1499300,100,SELL,1499300,100,1
49,149.92,84,149.97,1128,SELL,1499200,250,SELL,1499200,250,1
50,149.92,260,149.97,209,,,,,,,1
51,149.93,293,149.98,136,BUY,1499800,100,BUY,1499800,100,1
52,149.95,284,150.0,257,,,,,,,1
53,149.94,214,149.99,2445,SELL,1499400,250,SELL,1499400,250,1
54,149.94,248,149.99,241,,,,,,,1
55,149.96,156,150.01,112,,,,,,,1
56,149.94,158,149.99,98,BUY,1499900,100,BUY,1499900,100,1
57,149.94,156,149.99,1067,SELL,1499400,250,SELL,1499400,250,1
58,149.92,223,149.97,1967,SELL,1499200,250,SELL,1499200,250,1
59,149.92,123,149.97,291,SELL,1499200,100,SELL,1499200,100,1
60,149.94,1002,149.99,210,BUY,1499900,250,BUY,1499900,250,1
61,149.93,226,149.98,252,,,,,,,1
62,149.94,129,149.99,1406,SELL,1499400,250,SELL,1499400,250,1
63,149.95,207,150.0,84,BUY,1500000,100,BUY,1500000,100,1
64,149.95,152,150.0,2461,SELL,1499500,250,SELL,1499500,250,1
65,149.96,280,150.01,114,BUY,1500100,100,BUY,1500100,100,1
66,149.95,1921,150.0,252,BUY,1500000,250,BUY,1500000,250,1
67,149.95,294,150.0,255,,,,,,,1
68,149.96,140,150.01,96,,,,,,,1
69,149.94,114,149.99,123,,,,,,,1
70,149.95,134,150.0,148,,,,,,,1
71,149.96,209,150.01,295,,,,,,,1
72,149.96,167,150.01,109,BUY,1500100,100,BUY,1500100,100,1
73,149.97,279,150.02,263,,,,,,,1
74,149.96,228,150.01,221,,,,,,,1
75,149.96,90,150.01,2414,SELL,1499600,250,SELL,1499600,250,1
76,149.95,292,150.0,112,BUY,1500000,100,BUY,1500000,100,1
77,149.96,230,150.01,280,,,,,,,1
78,149.94,226,149.99,220,,,,,,,1
79,149.92,148,149.97,173,,,,,,,1
